-- Insert data into Clubs table
INSERT INTO Clubs (id, club_name)
VALUES 
(1, 'Liverpool'),
(2, 'Manchester City'),
(3, 'Arsenal'),
(4, 'Aston Villa'),
(5, 'Tottenham'),
(6, 'Manchester United'),
(7, 'West Ham United'),
(8, 'Newcastle United'),
(9, 'Brighton & Hove Albion'),
(10, 'Wolverhamton Wanderers'),
(11, 'Chelsea'),
(12, 'Fulham'),
(13, 'AFC Bournemouth'),
(14, 'Crystal Palace'),
(15, 'Brentford'),
(16, 'Everton'),
(17, 'Nottingham Forest'),
(18, 'Luton Town'),
(19, 'Burnley'),
(20, 'Sheffield United');

-- Insert data into Followers table
INSERT INTO Followers (id, club_id, instagram_followers, twitter_followers, average_attendance)
VALUES
(1, 1, 44.7, 24363396, 53348),
(2, 2, 51.6, 17528348, 53282),
(3, 3, 28.8, 22264172, 60196),
(4, 4, 3.8, 2394937, 41640),
(5, 5, 16.9, 8878222, 61537),
(6, 6, 63.3, 37702038, 73520),
(7, 7, 4.4, 2722671, 62467),
(8, 8, 2.7, 2756484, 52151),
(9, 9, 2.1, 1000000, 31507),
(10, 10, 2.8, 1200000, 31369),
(11, 11, 41.7, 25511693, 39706),
(12, 12, 1.1, 770275, 24267),
(13, 13, 0.906, 704906, 11039),
(14, 14, 1.9, 1459188, 24832),
(15, 15, 0.641, 362200, 17062),
(16, 16, 3.1, 3050492, 39122),
(17, 17, 1, 662106, 29324),
(18, 18, 0.419, 221319, 10988),
(19, 19, 0.691, 819573, 21281),
(20, 20, 0.738, 576856, 30422);

-- Insert data into ClubFinancial table
INSERT INTO ClubFinancial (id, club_id, market_value, income, expenditure)
VALUES
(1, 1, 868.75, 1240, 2140),
(2, 2, 1260, 1100, 2840),
(3, 3, 1120, 900.92, 1930),
(4, 4, 623.05, 637.41, 1260),
(5, 5, 761.30, 120.7, 2000),
(6, 6, 735.25, 891.58, 2610),
(7, 7, 440.60, 789.66, 1290),
(8, 8, 638.70, 717.27, 1470),
(9, 9, 487.10, 491.87, 556.91),
(10, 10, 302.70, 517.40, 861.30),
(11, 11, 947.30, 1760, 3630),
(12, 12, 335.00, 334.88, 716.49),
(13, 13, 341.80, 219.52, 515.05),
(14, 14, 385.90, 274.62, 590.01),
(15, 15, 407.18, 218.75, 248.17),
(16, 16, 336.90, 904.94, 1230),
(17, 17, 359.65, 313.12, 526.72),
(18, 18, 101.60, 64.84, 44.27),
(19, 19, 253.10, 266.06, 427.38),
(20, 20, 146.75, 80.72, 300.45);

-- Insert data into ClubHistory table
INSERT INTO ClubHistory (id, club_id, trophies_won, manager_count)
VALUES
(1, 1, 63, 21),
(2, 2, 36, 49),
(3, 3, 47, 29),
(4, 4, 48, 36),
(5, 5, 28, 33),
(6, 6, 69, 29),
(7, 7, 8, 18),
(8, 8, 16, 47),
(9, 9, 0, 42),
(10, 10, 21, 32),
(11, 11, 34, 34),
(12, 12, 0, 45),
(13, 13, 1, 38),
(14, 14, 0, 61),
(15, 15, 0, 44),
(16, 16, 15, 26),
(17, 17, 10, 19),
(18, 18, 6, 45),
(19, 19, 7, 29),
(20, 20, 7, 43);

-- Insert data into SeasonStats table
INSERT INTO SeasonStats (id, club_id, goals_scored, goals_against, matches_won, matches_lost, matches_drawn)
VALUES
(1, 1, 64, 25, 19, 2, 6),
(2, 2, 62, 27, 19, 3, 5),
(3, 3, 68, 23, 19, 4, 4),
(4, 4, 59, 37, 17, 6, 4),
(5, 5, 55, 39, 15, 6, 5),
(6, 6, 37, 39, 14, 11, 2),
(7, 7, 43, 47, 12, 9, 6),
(8, 8, 57, 45, 12, 11, 4),
(9, 9, 49, 44, 10, 8, 9),
(10, 10, 40, 43, 11, 11, 5),
(11, 11, 44, 43, 10, 10, 6),
(12, 12, 39, 42, 10, 12, 5),
(13, 13, 35, 47, 8, 11, 7),
(14, 14, 32, 47, 7, 13, 7),
(15, 15, 39, 50, 7, 15, 5),
(16, 16, 29, 37, 8, 12, 7),
(17, 17, 34, 49, 6, 15, 6),
(18, 18, 37, 54, 5, 16, 5),
(19, 19, 25, 60, 3, 20, 4),
(20, 20, 22, 72, 3, 20, 4);
